country,year,co2,co2_per_capita,population
Canada,1900,20.628,3.81,5414425.0
Canada,1901,23.845,4.315,5526732.0
Canada,1902,25.648,4.531,5660474.0
Canada,1903,27.96,4.807,5816421.0
Canada,1904,33.097,5.538,5976663.0
Canada,1905,35.387,5.762,6141319.0
Canada,1906,37.387,5.925,6310511.0
Canada,1907,46.991,7.247,6484363.0
Canada,1908,47.408,7.115,6663003.0
Canada,1909,45.386,6.639,6835990.0
Canada,1910,51.622,7.371,7002961.0
Canada,1911,60.269,8.413,7163537.0
Canada,1912,67.271,9.193,7317326.0
Canada,1913,79.282,10.622,7463921.0
Canada,1914,68.381,8.982,7613451.0
Canada,1915,61.116,7.87,7765975.0
Canada,1916,76.457,9.652,7921554.0
Canada,1917,85.243,10.55,8080249.0
Canada,1918,89.519,10.857,8245222.0
Canada,1919,76.09,9.049,8408944.0
Canada,1920,84.378,9.844,8571309.0
Canada,1921,80.483,9.217,8732206.0
Canada,1922,69.209,7.784,8891519.0
Canada,1923,92.981,10.275,9049130.0
Canada,1924,77.384,8.403,9209535.0
Canada,1925,75.248,8.028,9372783.0
Canada,1926,84.756,8.885,9538925.0
Canada,1927,91.999,9.477,9708012.0
Canada,1928,93.777,9.491,9880096.0
Canada,1929,99.03,9.862,10041248.0
Canada,1930,94.348,9.258,10191122.0
Canada,1931,75.849,7.343,10329362.0
Canada,1932,70.207,6.715,10455609.0
Canada,1933,69.483,6.574,10569491.0
Canada,1934,79.913,7.479,10684614.0
Canada,1935,78.796,7.295,10800991.0
Canada,1936,86.163,7.891,10918635.0
Canada,1937,93.483,8.47,11037560.0
Canada,1938,85.544,7.667,11157781.0
Canada,1939,95.004,8.41,11296195.0
Canada,1940,108.622,9.484,11453308.0
Canada,1941,120.152,10.332,11629639.0
Canada,1942,131.077,11.084,11825718.0
Canada,1943,138.062,11.465,12042086.0
Canada,1944,140.407,11.45,12262412.0
Canada,1945,130.521,10.453,12486770.0
Canada,1946,138.422,10.886,12715233.0
Canada,1947,143.548,11.087,12947875.0
Canada,1948,158.507,12.022,13184774.0
Canada,1949,145.022,10.783,13449459.0
Canada,1950,154.134,11.216,13741739.0
Canada,1951,162.678,11.551,14083297.0
Canada,1952,159.409,11.007,14482799.0
Canada,1953,160.608,10.781,14897875.0
Canada,1954,162.968,10.638,15318985.0
Canada,1955,169.473,10.775,15728280.0
Canada,1956,189.802,11.745,16159621.0
Canada,1957,182.811,10.985,16641328.0
Canada,1958,182.155,10.65,17104090.0
Canada,1959,184.481,10.532,17515523.0
Canada,1960,192.716,10.767,17898792.0
Canada,1961,194.001,10.623,18263079.0
Canada,1962,206.991,11.12,18613596.0
Canada,1963,210.911,11.121,18964256.0
Canada,1964,237.578,12.296,19321670.0
Canada,1965,251.917,12.797,19685519.0
Canada,1966,259.074,12.919,20053665.0
Canada,1967,281.637,13.8,20408776.0
Canada,1968,303.261,14.626,20734171.0
Canada,1969,307.119,14.599,21037620.0
Canada,1970,341.177,15.913,21440020.0
Canada,1971,352.287,16.089,21895693.0
Canada,1972,380.792,17.129,22230876.0
Canada,1973,381.273,16.936,22512230.0
Canada,1974,389.617,17.07,22824083.0
Canada,1975,396.787,17.141,23148980.0
Canada,1976,398.962,17.009,23455783.0
Canada,1977,407.79,17.184,23730341.0
Canada,1978,415.529,17.329,23978742.0
Canada,1979,441.677,18.223,24237173.0
Canada,1980,442.847,18.05,24533779.0
Canada,1981,429.63,17.292,24844977.0
Canada,1982,414.455,16.486,25140164.0
Canada,1983,408.339,16.068,25412604.0
Canada,1984,425.233,16.565,25670376.0
Canada,1985,421.719,16.265,25927463.0
Canada,1986,404.708,15.44,26211035.0
Canada,1987,430.982,16.238,26540914.0
Canada,1988,455.669,16.922,26927938.0
Canada,1989,462.885,16.915,27366047.0
Canada,1990,458.015,16.482,27789436.0
Canada,1991,449.756,15.973,28157153.0
Canada,1992,463.497,16.263,28500065.0
Canada,1993,464.16,16.1,28830635.0
Canada,1994,478.631,16.421,29147382.0
Canada,1995,491.414,16.681,29459136.0
Canada,1996,507.729,17.057,29767210.0
Canada,1997,522.022,17.367,30059087.0
Canada,1998,529.636,17.462,30329968.0
Canada,1999,543.866,17.774,30599458.0
Canada,2000,566.261,18.33,30891800.0
Canada,2001,558.36,17.888,31213577.0
Canada,2002,563.729,17.876,31535580.0
Canada,2003,580.792,18.243,31836484.0
Canada,2004,579.163,18.024,32132680.0
Canada,2005,572.855,17.659,32440173.0
Canada,2006,568.173,17.344,32759174.0
Canada,2007,591.889,17.886,33092172.0
Canada,2008,575.77,17.213,33449089.0
Canada,2009,542.811,16.047,33826369.0
Canada,2010,554.734,16.222,34196901.0
Canada,2011,563.32,16.302,34555450.0
Canada,2012,564.221,16.156,34922512.0
Canada,2013,568.854,16.118,35293420.0
Canada,2014,566.469,15.897,35634265.0
Canada,2015,565.644,15.729,35962236.0
Canada,2016,558.872,15.373,36353345.0
Canada,2017,569.603,15.475,36808500.0
Canada,2018,579.079,15.527,37294997.0
Canada,2019,582.025,15.404,37782931.0
Canada,2020,526.582,13.795,38171901.0
Canada,2021,540.312,14.051,38454058.0
Canada,2022,550.612,14.183,38821260.0
Canada,2023,549.299,13.977,39299099.0
China,1900,,,395929430.0
China,1901,,,397991980.0
China,1902,,,400101986.0
China,1903,,,402259874.0
China,1904,,,404429383.0
China,1905,,,406610574.0
China,1906,,,408803510.0
China,1907,19.894,0.048,411008255.0
China,1908,22.736,0.055,413224872.0
China,1909,24.252,0.058,415905832.0
China,1910,25.009,0.06,419058430.0
China,1911,24.631,0.058,422690056.0
China,1912,17.029,0.04,426808190.0
China,1913,24.252,0.056,431420404.0
China,1914,26.718,0.061,436082439.0
China,1915,25.421,0.058,440794834.0
China,1916,30.131,0.068,445558131.0
China,1917,32.023,0.071,450372881.0
China,1918,34.748,0.076,455336427.0
China,1919,37.997,0.083,459658818.0
China,1920,40.278,0.087,463330522.0
China,1921,38.763,0.083,466341893.0
China,1922,39.972,0.085,468683169.0
China,1923,46.518,0.099,470344471.0
China,1924,48.846,0.103,472011663.0
China,1925,45.955,0.097,473684764.0
China,1926,43.66,0.092,475363795.0
China,1927,45.809,0.096,477048778.0
China,1928,47.591,0.099,478739734.0
China,1929,48.282,0.1,480666438.0
China,1930,49.558,0.103,482831090.0
China,1931,51.905,0.107,485235901.0
China,1932,50.269,0.103,487883101.0
China,1933,54.111,0.11,490774936.0
China,1934,62.383,0.126,493683911.0
China,1935,72.646,0.146,496610129.0
China,1936,75.477,0.151,499553692.0
China,1937,70.969,0.141,502514702.0
China,1938,61.366,0.121,505493263.0
China,1939,74.427,0.146,508423146.0
China,1940,90.791,0.178,511303712.0
China,1941,113.979,0.222,514134316.0
China,1942,127.613,0.247,516914309.0
China,1943,108.995,0.21,519643036.0
China,1944,103.004,0.197,522386167.0
China,1945,55.892,0.106,525143778.0
China,1946,36.107,0.068,527915947.0
China,1947,41.836,0.079,530702750.0
China,1948,38.4,0.072,533504263.0
China,1949,62.081,0.115,537916245.0
China,1950,78.835,0.145,544044354.0
China,1951,102.115,0.184,553758251.0
China,1952,127.999,0.226,565131436.0
China,1953,133.783,0.232,577557142.0
China,1954,160.877,0.273,590113861.0
China,1955,190.521,0.316,603547012.0
China,1956,215.824,0.35,616558585.0
China,1957,255.785,0.406,630356210.0
China,1958,524.617,0.814,644219484.0
China,1959,720.152,1.103,652708210.0
China,1960,798.8,1.22,654802066.0
China,1961,570.63,0.87,655773482.0
China,1962,459.618,0.691,665073692.0
China,1963,456.779,0.667,684552645.0
China,1964,460.637,0.654,704798265.0
China,1965,500.286,0.692,723415737.0
China,1966,549.459,0.74,742402209.0
China,1967,460.226,0.605,761026025.0
China,1968,495.507,0.634,781011031.0
China,1969,607.683,0.758,802140343.0
China,1970,807.953,0.981,823308968.0
China,1971,909.21,1.077,844069870.0
China,1972,968.646,1.122,863677811.0
China,1973,1008.293,1.142,882576941.0
China,1974,1028.1,1.142,900307583.0
China,1975,1183.215,1.292,916116795.0
China,1976,1226.421,1.318,930372293.0
China,1977,1340.831,1.421,943546379.0
China,1978,1492.778,1.561,956161484.0
China,1979,1525.661,1.574,969288069.0
China,1980,1494.496,1.52,983163545.0
China,1981,1476.488,1.48,997721068.0
China,1982,1606.585,1.585,1013588169.0
China,1983,1694.217,1.646,1029064952.0
China,1984,1844.828,1.767,1043849645.0
China,1985,1998.083,1.885,1059807821.0
China,1986,2104.213,1.953,1077233612.0
China,1987,2257.739,2.06,1096217446.0
China,1988,2425.894,2.175,1115244161.0
China,1989,2463.654,2.173,1133991005.0
China,1990,2484.855,2.154,1153582718.0
China,1991,2606.096,2.226,1170788527.0
China,1992,2730.788,2.305,1184574240.0
China,1993,2921.651,2.44,1197308569.0
China,1994,3103.739,2.567,1209003100.0
China,1995,3361.637,2.755,1220133927.0
China,1996,3508.818,2.851,1230944812.0
China,1997,3515.594,2.833,1241139619.0
China,1998,3364.587,2.69,1250847121.0
China,1999,3557.275,2.823,1260176650.0
China,2000,3649.227,2.874,1269581164.0
China,2001,3728.51,2.916,1278725057.0
China,2002,4103.046,3.188,1286866839.0
China,2003,4841.119,3.74,1294517315.0
China,2004,5217.351,4.007,1302100319.0
China,2005,5882.106,4.49,1310027138.0
China,2006,6494.331,4.927,1318054037.0
China,2007,6983.547,5.267,1325813580.0
China,2008,7501.498,5.624,1333821009.0
China,2009,7891.078,5.878,1342522709.0
China,2010,8620.576,6.378,1351561511.0
China,2011,9532.332,7.008,1360250657.0
China,2012,9779.292,7.141,1369520865.0
China,2013,9956.329,7.22,1379008046.0
China,2014,9990.257,7.198,1387951973.0
China,2015,9863.457,7.065,1396134164.0
China,2016,9762.714,6.953,1404052626.0
China,2017,10006.343,7.085,1412354742.0
China,2018,10332.992,7.282,1419008963.0
China,2019,10713.984,7.526,1423520354.0
China,2020,10905.693,7.647,1426106083.0
China,2021,11447.913,8.026,1426437276.0
China,2022,11350.538,7.964,1425179562.0
China,2023,11902.503,8.367,1422584937.0
Germany,1900,326.759,5.858,55775391.0
Germany,1901,325.557,5.753,56591445.0
Germany,1902,319.189,5.558,57433002.0
Germany,1903,343.599,5.894,58300637.0
Germany,1904,356.122,6.017,59181365.0
Germany,1905,382.324,6.364,60075384.0
Germany,1906,361.937,5.935,60982895.0
Germany,1907,442.183,7.143,61904101.0
Germany,1908,446.642,7.108,62839208.0
Germany,1909,445.572,7.011,63557664.0
Germany,1910,445.367,6.953,64056716.0
Germany,1911,458.586,7.128,64333569.0
Germany,1912,499.121,7.752,64385385.0
Germany,1913,535.083,8.333,64209282.0
Germany,1914,497.927,7.776,64033646.0
Germany,1915,462.906,7.249,63858476.0
Germany,1916,500.697,7.862,63683770.0
Germany,1917,524.579,8.26,63509528.0
Germany,1918,503.423,7.952,63305628.0
Germany,1919,387.428,6.128,63226761.0
Germany,1920,429.208,6.783,63273356.0
Germany,1921,473.18,7.458,63445847.0
Germany,1922,455.461,7.145,63744670.0
Germany,1923,331.929,5.173,64170268.0
Germany,1924,451.793,6.994,64598707.0
Germany,1925,458.066,7.044,65030007.0
Germany,1926,413.237,6.312,65464186.0
Germany,1927,481.186,7.302,65901264.0
Germany,1928,505.011,7.612,66341260.0
Germany,1929,539.235,8.074,66789491.0
Germany,1930,462.092,6.872,67246048.0
Germany,1931,385.965,5.7,67711026.0
Germany,1932,347.486,5.096,68184518.0
Germany,1933,364.981,5.315,68666619.0
Germany,1934,408.62,5.909,69152129.0
Germany,1935,452.333,6.495,69641071.0
Germany,1936,499.634,7.124,70133471.0
Germany,1937,563.513,7.978,70629352.0
Germany,1938,601.273,8.453,71128740.0
Germany,1939,648.625,9.072,71499194.0
Germany,1940,654.325,9.121,71740083.0
Germany,1941,660.793,9.197,71850770.0
Germany,1942,667.899,9.298,71830612.0
Germany,1943,679.43,9.479,71678963.0
Germany,1944,600.273,8.392,71527635.0
Germany,1945,116.065,1.626,71376625.0
Germany,1946,271.682,3.814,71225935.0
Germany,1947,317.66,4.469,71075562.0
Germany,1948,377.816,5.327,70925507.0
Germany,1949,432.148,6.096,70888212.0
Germany,1950,510.682,7.311,69847777.0
Germany,1951,576.866,8.267,69782048.0
Germany,1952,610.981,8.75,69826946.0
Germany,1953,623.492,8.915,69935116.0
Germany,1954,659.732,9.411,70104623.0
Germany,1955,723.498,10.287,70334148.0
Germany,1956,766.191,10.85,70613899.0
Germany,1957,777.908,10.943,71088144.0
Germany,1958,756.379,10.55,71694672.0
Germany,1959,755.795,10.462,72241715.0
Germany,1960,813.95,11.179,72811637.0
Germany,1961,834.84,11.378,73376111.0
Germany,1962,883.169,11.935,73997001.0
Germany,1963,945.498,12.658,74698006.0
Germany,1964,968.917,12.865,75313477.0
Germany,1965,960.102,12.638,75966964.0
Germany,1966,951.422,12.419,76611028.0
Germany,1967,936.229,12.163,76970793.0
Germany,1968,984.791,12.736,77321278.0
Germany,1969,1052.001,13.497,77944023.0
Germany,1970,1026.022,13.12,78205102.0
Germany,1971,1037.237,13.239,78345873.0
Germany,1972,1041.481,13.23,78719923.0
Germany,1973,1085.738,13.749,78966976.0
Germany,1974,1062.727,13.453,78996693.0
Germany,1975,1002.447,12.737,78701861.0
Germany,1976,1090.84,13.92,78364503.0
Germany,1977,1052.609,13.463,78185560.0
Germany,1978,1079.133,13.815,78115357.0
Germany,1979,1117.888,14.305,78147899.0
Germany,1980,1100.066,14.047,78315374.0
Germany,1981,1048.523,13.366,78448044.0
Germany,1982,1015.734,12.957,78393671.0
Germany,1983,1011.605,12.932,78224137.0
Germany,1984,1033.245,13.247,77998199.0
Germany,1985,1044.118,13.41,77863423.0
Germany,1986,1047.472,13.442,77923807.0
Germany,1987,1032.443,13.226,78062321.0
Germany,1988,1029.024,13.128,78385993.0
Germany,1989,1008.792,12.768,79007063.0
Germany,1990,1054.796,13.233,79707964.0
Germany,1991,1016.93,12.664,80303189.0
Germany,1992,969.464,11.978,80934901.0
Germany,1993,959.386,11.774,81486770.0
Germany,1994,943.228,11.535,81773612.0
Germany,1995,939.934,11.46,82019890.0
Germany,1996,959.69,11.666,82263195.0
Germany,1997,931.508,11.306,82389631.0
Germany,1998,923.499,11.261,82011933.0
Germany,1999,895.442,10.963,81678279.0
Germany,2000,898.976,10.99,81797255.0
Germany,2001,915.255,11.171,81933883.0
Germany,2002,898.834,10.952,82068328.0
Germany,2003,894.501,10.894,82111619.0
Germany,2004,876.57,10.678,82092706.0
Germany,2005,867.881,10.578,82046731.0
Germany,2006,886.434,10.85,81701971.0
Germany,2007,846.116,10.408,81298546.0
Germany,2008,856.607,10.561,81110781.0
Germany,2009,789.951,9.76,80935275.0
Germany,2010,826.68,10.227,80830917.0
Germany,2011,804.514,9.95,80857877.0
Germany,2012,814.09,10.061,80916393.0
Germany,2013,831.743,10.263,81041580.0
Germany,2014,792.579,9.74,81376078.0
Germany,2015,800.844,9.757,82077546.0
Germany,2016,798.014,9.642,82760100.0
Germany,2017,784.594,9.441,83104012.0
Germany,2018,760.046,9.117,83368506.0
Germany,2019,709.827,8.495,83559185.0
Germany,2020,648.357,7.753,83628711.0
Germany,2021,678.777,8.11,83697082.0
Germany,2022,671.472,7.986,84086228.0
Germany,2023,596.151,7.051,84548234.0
India,1900,11.93,0.042,280714154.0
India,1901,13.18,0.047,281834058.0
India,1902,14.515,0.051,283199773.0
India,1903,14.802,0.052,284812956.0
India,1904,16.561,0.058,286435299.0
India,1905,16.931,0.059,288066854.0
India,1906,19.549,0.067,289707671.0
India,1907,21.772,0.075,291357804.0
India,1908,24.908,0.085,293017306.0
India,1909,24.143,0.082,294397607.0
India,1910,23.487,0.079,295496971.0
India,1911,24.782,0.084,296313651.0
India,1912,28.521,0.096,296845891.0
India,1913,31.467,0.106,297091925.0
India,1914,31.698,0.107,297338132.0
India,1915,33.142,0.111,297584511.0
India,1916,33.518,0.113,297831063.0
India,1917,35.02,0.117,298077789.0
India,1918,39.359,0.132,298421342.0
India,1919,42.975,0.144,299273541.0
India,1920,34.868,0.116,300639878.0
India,1921,37.506,0.124,302525896.0
India,1922,36.903,0.121,304937193.0
India,1923,37.972,0.123,307879422.0
India,1924,40.628,0.131,310850039.0
India,1925,40.085,0.128,313849318.0
India,1926,39.943,0.126,316877536.0
India,1927,41.884,0.131,319934973.0
India,1928,40.073,0.124,323021910.0
India,1929,41.708,0.128,326429031.0
India,1930,42.399,0.128,330163509.0
India,1931,38.851,0.116,334232641.0
India,1932,36.129,0.107,338643856.0
India,1933,35.467,0.103,343404711.0
India,1934,39.611,0.114,348232496.0
India,1935,41.393,0.117,353128154.0
India,1936,40.684,0.114,358092638.0
India,1937,45.067,0.124,363126915.0
India,1938,50.38,0.137,368231967.0
India,1939,49.312,0.133,371781679.0
India,1940,52.31,0.14,373766276.0
India,1941,53.581,0.143,374175756.0
India,1942,53.53,0.144,372999886.0
India,1943,46.644,0.126,370228201.0
India,1944,47.696,0.13,367477113.0
India,1945,52.874,0.145,364746467.0
India,1946,52.225,0.144,362036112.0
India,1947,53.18,0.148,359345897.0
India,1948,53.204,0.149,356675672.0
India,1949,56.188,0.158,355893489.0
India,1950,61.103,0.176,346278817.0
India,1951,64.022,0.181,353870058.0
India,1952,67.426,0.186,361874904.0
India,1953,68.705,0.186,370104571.0
India,1954,72.414,0.191,378687141.0
India,1955,78.788,0.203,387700891.0
India,1956,81.656,0.206,396988906.0
India,1957,91.635,0.226,406253895.0
India,1958,95.816,0.23,415777437.0
India,1959,101.447,0.238,425780669.0
India,1960,111.325,0.255,435990344.0
India,1961,120.404,0.27,446564730.0
India,1962,132.582,0.29,457283092.0
India,1963,142.444,0.304,468138576.0
India,1964,139.488,0.291,479229599.0
India,1965,153.702,0.314,490140141.0
India,1966,159.373,0.318,500740250.0
India,1967,159.556,0.312,511606375.0
India,1968,174.069,0.333,522716894.0
India,1969,177.413,0.332,533880544.0
India,1970,181.723,0.333,545864268.0
India,1971,191.964,0.344,558096383.0
India,1972,203.036,0.356,570482142.0
India,1973,209.095,0.358,583465595.0
India,1974,215.853,0.362,597041392.0
India,1975,234.209,0.383,611309532.0
India,1976,244.749,0.391,625861887.0
India,1977,258.962,0.404,640801105.0
India,1978,263.15,0.401,655728226.0
India,1979,276.285,0.412,671155745.0
India,1980,291.711,0.424,687354031.0
India,1981,314.966,0.448,703696255.0
India,1982,325.38,0.452,720313474.0
India,1983,352.199,0.478,737372685.0
India,1984,361.559,0.479,754875451.0
India,1985,397.592,0.515,772647801.0
India,1986,426.309,0.539,790689978.0
India,1987,455.343,0.563,808931261.0
India,1988,491.692,0.594,827342997.0
India,1989,540.651,0.639,846039530.0
India,1990,577.996,0.668,864972219.0
India,1991,615.365,0.696,883927607.0
India,1992,655.447,0.726,902957072.0
India,1993,677.299,0.735,922118380.0
India,1994,714.064,0.759,941163775.0
India,1995,760.462,0.792,960301048.0
India,1996,823.621,0.841,979678464.0
India,1997,858.011,0.859,999133765.0
India,1998,875.772,0.86,1018665073.0
India,1999,960.763,0.925,1038225821.0
India,2000,986.445,0.932,1057922728.0
India,2001,1000.527,0.928,1077898572.0
India,2002,1032.14,0.94,1097600381.0
India,2003,1067.737,0.956,1116802997.0
India,2004,1133.828,0.998,1135991510.0
India,2005,1194.592,1.035,1154676319.0
India,2006,1292.485,1.102,1172878890.0
India,2007,1392.506,1.17,1190676028.0
India,2008,1489.437,1.233,1207930962.0
India,2009,1612.216,1.316,1225524760.0
India,2010,1677.337,1.349,1243481564.0
India,2011,1764.712,1.399,1261224952.0
India,2012,1925.7,1.506,1278674506.0
India,2013,1995.098,1.54,1295829506.0
India,2014,2148.344,1.637,1312277184.0
India,2015,2234.219,1.682,1328024492.0
India,2016,2354.658,1.752,1343944293.0
India,2017,2426.607,1.785,1359657392.0
India,2018,2593.058,1.886,1374659068.0
India,2019,2612.888,1.881,1389030303.0
India,2020,2421.552,1.726,1402617692.0
India,2021,2674.222,1.891,1414203889.0
India,2022,2831.166,1.986,1425423212.0
India,2023,3062.324,2.129,1438069597.0
Japan,1900,19.412,0.437,44416502.0
Japan,1901,23.274,0.518,44903535.0
Japan,1902,24.945,0.549,45413962.0
Japan,1903,25.787,0.561,45948233.0
Japan,1904,29.052,0.625,46488789.0
Japan,1905,29.931,0.636,47035703.0
Japan,1906,32.855,0.69,47589051.0
Japan,1907,35.072,0.728,48148908.0
Japan,1908,37.633,0.773,48715351.0
Japan,1909,38.256,0.776,49292444.0
Japan,1910,39.384,0.79,49880362.0
Japan,1911,44.21,0.876,50479280.0
Japan,1912,49.281,0.965,51089380.0
Japan,1913,54.315,1.05,51710843.0
Japan,1914,58.016,1.108,52339865.0
Japan,1915,52.842,0.997,52976538.0
Japan,1916,58.598,1.093,53620954.0
Japan,1917,67.484,1.243,54273209.0
Japan,1918,71.543,1.303,54927094.0
Japan,1919,79.194,1.424,55611871.0
Japan,1920,74.28,1.319,56328237.0
Japan,1921,66.809,1.171,57076902.0
Japan,1922,71.43,1.235,57858589.0
Japan,1923,75.907,1.294,58674033.0
Japan,1924,79.348,1.334,59500970.0
Japan,1925,82.011,1.359,60339562.0
Japan,1926,82.605,1.35,61189973.0
Japan,1927,89.482,1.442,62052369.0
Japan,1928,92.391,1.468,62926919.0
Japan,1929,94.88,1.487,63798063.0
Japan,1930,86.166,1.332,64665549.0
Japan,1931,77.904,1.189,65529121.0
Japan,1932,77.98,1.175,66388515.0
Japan,1933,91.342,1.358,67243463.0
Japan,1934,101.203,1.486,68109421.0
Japan,1935,106.382,1.542,68986531.0
Japan,1936,116.849,1.672,69874936.0
Japan,1937,125.431,1.772,70774782.0
Japan,1938,131.735,1.838,71686216.0
Japan,1939,127.747,1.759,72625078.0
Japan,1940,153.244,2.082,73591941.0
Japan,1941,154.605,2.073,74587386.0
Japan,1942,147.792,1.955,75612006.0
Japan,1943,150.637,1.965,76666406.0
Japan,1944,138.733,1.785,77735509.0
Japan,1945,76.635,0.972,78819521.0
Japan,1946,52.707,0.66,79918650.0
Japan,1947,70.032,0.864,81033105.0
Japan,1948,88.082,1.072,82163102.0
Japan,1949,98.42,1.182,83270008.0
Japan,1950,102.541,1.186,86443279.0
Japan,1951,123.458,1.405,87849930.0
Japan,1952,130.428,1.463,89135134.0
Japan,1953,145.902,1.615,90324185.0
Japan,1954,142.681,1.561,91407672.0
Japan,1955,142.036,1.537,92425476.0
Japan,1956,160.823,1.723,93342005.0
Japan,1957,188.287,2.001,94108980.0
Japan,1958,181.421,1.913,94846958.0
Japan,1959,192.92,2.018,95622973.0
Japan,1960,232.83,2.415,96399754.0
Japan,1961,283.131,2.912,97217594.0
Japan,1962,293.278,2.99,98076406.0
Japan,1963,325.264,3.287,98958230.0
Japan,1964,359.349,3.597,99890178.0
Japan,1965,386.969,3.835,100916017.0
Japan,1966,419.78,4.12,101887833.0
Japan,1967,489.912,4.758,102965529.0
Japan,1968,562.561,5.397,104237475.0
Japan,1969,653.846,6.199,105475170.0
Japan,1970,769.74,7.213,106712370.0
Japan,1971,799.643,7.407,107952031.0
Japan,1972,861.046,7.882,109238963.0
Japan,1973,914.262,8.265,110614742.0
Japan,1974,914.303,8.163,112009690.0
Japan,1975,869.796,7.675,113321198.0
Japan,1976,909.555,7.944,114502794.0
Japan,1977,935.53,8.095,115574280.0
Japan,1978,905.064,7.764,116576941.0
Japan,1979,957.13,8.144,117521561.0
Japan,1980,948.535,8.014,118358761.0
Japan,1981,930.369,7.819,118994055.0
Japan,1982,900.713,7.538,119485773.0
Japan,1983,884.42,7.373,119948942.0
Japan,1984,940.528,7.813,120384396.0
Japan,1985,915.263,7.575,120832158.0
Japan,1986,914.048,7.531,121366733.0
Japan,1987,902.178,7.398,121943589.0
Japan,1988,984.697,8.04,122476957.0
Japan,1989,1021.278,8.307,122947411.0
Japan,1990,1157.393,9.379,123399767.0
Japan,1991,1169.093,9.437,123889870.0
Japan,1992,1178.892,9.478,124383707.0
Japan,1993,1171.892,9.387,124839954.0
Japan,1994,1226.893,9.793,125286862.0
Japan,1995,1239.195,9.86,125672659.0
Japan,1996,1251.695,9.936,125975305.0
Japan,1997,1244.395,9.855,126265926.0
Japan,1998,1204.594,9.519,126549181.0
Japan,1999,1241.195,9.788,126801566.0
Japan,2000,1263.993,9.951,127027796.0
Japan,2001,1249.393,9.818,127260144.0
Japan,2002,1278.995,10.033,127484599.0
Japan,2003,1287.495,10.084,127671255.0
Japan,2004,1282.895,10.037,127815770.0
Japan,2005,1290.296,10.087,127913331.0
Japan,2006,1267.295,9.901,127997248.0
Japan,2007,1302.996,10.173,128087684.0
Japan,2008,1232.196,9.615,128155991.0
Japan,2009,1163.393,9.075,128192471.0
Japan,2010,1214.798,9.477,128185273.0
Japan,2011,1264.797,9.874,128096431.0
Japan,2012,1305.998,10.209,127928283.0
Japan,2013,1315.298,10.298,127723641.0
Japan,2014,1263.806,9.913,127486600.0
Japan,2015,1223.199,9.611,127275868.0
Japan,2016,1203.184,9.462,127159949.0
Japan,2017,1187.484,9.346,127064685.0
Japan,2018,1142.481,9.002,126913433.0
Japan,2019,1105.478,8.725,126699422.0
Japan,2020,1040.483,8.238,126304536.0
Japan,2021,1061.905,8.449,125679341.0
Japan,2022,1032.687,8.262,124997586.0
Japan,2023,988.785,7.95,124370947.0
United Kingdom,1900,419.741,10.215,41089602.0
United Kingdom,1901,410.701,9.906,41459153.0
United Kingdom,1902,426.64,10.2,41827091.0
United Kingdom,1903,429.985,10.191,42193357.0
United Kingdom,1904,431.993,10.15,42562831.0
United Kingdom,1905,437.672,10.194,42935539.0
United Kingdom,1906,453.35,10.467,43311511.0
United Kingdom,1907,473.568,10.839,43690776.0
United Kingdom,1908,461.964,10.482,44073361.0
United Kingdom,1909,466.086,10.493,44417852.0
United Kingdom,1910,469.732,10.503,44723743.0
United Kingdom,1911,481.351,10.699,44990527.0
United Kingdom,1912,455.886,10.082,45217688.0
United Kingdom,1913,498.322,10.975,45404707.0
United Kingdom,1914,483.183,10.598,45592500.0
United Kingdom,1915,489.481,10.692,45781070.0
United Kingdom,1916,507.072,11.03,45970420.0
United Kingdom,1917,501.169,10.857,46160552.0
United Kingdom,1918,466.849,10.072,46352692.0
United Kingdom,1919,456.131,9.812,46487478.0
United Kingdom,1920,480.472,10.318,46564792.0
United Kingdom,1921,332.188,7.131,46584515.0
United Kingdom,1922,439.608,9.444,46546526.0
United Kingdom,1923,466.067,10.034,46450703.0
United Kingdom,1924,488.24,10.533,46355077.0
United Kingdom,1925,460.999,9.965,46259648.0
United Kingdom,1926,261.066,5.655,46164416.0
United Kingdom,1927,481.344,10.448,46069379.0
United Kingdom,1928,454.453,9.885,45974538.0
United Kingdom,1929,478.206,10.408,45944804.0
United Kingdom,1930,460.805,10.022,45980369.0
United Kingdom,1931,430.979,9.353,46081427.0
United Kingdom,1932,414.565,8.964,46248173.0
United Kingdom,1933,412.269,8.87,46480802.0
United Kingdom,1934,445.277,9.532,46714602.0
United Kingdom,1935,451.206,9.61,46949578.0
United Kingdom,1936,476.535,10.099,47185735.0
United Kingdom,1937,491.703,10.368,47423081.0
United Kingdom,1938,472.756,9.919,47661620.0
United Kingdom,1939,474.289,9.904,47890226.0
United Kingdom,1940,500.083,10.395,48108804.0
United Kingdom,1941,499.796,10.344,48317261.0
United Kingdom,1942,492.996,10.162,48515502.0
United Kingdom,1943,490.219,10.065,48703433.0
United Kingdom,1944,489.67,10.015,48892093.0
United Kingdom,1945,453.074,9.231,49081483.0
United Kingdom,1946,464.412,9.426,49271606.0
United Kingdom,1947,485.232,9.81,49462466.0
United Kingdom,1948,503.51,10.14,49654066.0
United Kingdom,1949,507.552,10.181,49851583.0
United Kingdom,1950,500.792,9.992,50121020.0
United Kingdom,1951,545.253,10.83,50346822.0
United Kingdom,1952,528.706,10.47,50496231.0
United Kingdom,1953,540.211,10.649,50727037.0
United Kingdom,1954,553.01,10.852,50958246.0
United Kingdom,1955,576.952,11.274,51176749.0
United Kingdom,1956,574.324,11.174,51400459.0
United Kingdom,1957,570.714,11.048,51655911.0
United Kingdom,1958,556.316,10.712,51935639.0
United Kingdom,1959,546.606,10.466,52226466.0
United Kingdom,1960,584.02,11.116,52538549.0
United Kingdom,1961,588.615,11.13,52884952.0
United Kingdom,1962,592.932,11.13,53272836.0
United Kingdom,1963,603.386,11.246,53652940.0
United Kingdom,1964,607.866,11.255,54009131.0
United Kingdom,1965,622.112,11.444,54359022.0
United Kingdom,1966,618.075,11.304,54676346.0
United Kingdom,1967,592.057,10.77,54973659.0
United Kingdom,1968,606.488,10.979,55240654.0
United Kingdom,1969,628.383,11.331,55456208.0
United Kingdom,1970,652.577,11.724,55663801.0
United Kingdom,1971,660.388,11.816,55890372.0
United Kingdom,1972,648.026,11.556,56079239.0
United Kingdom,1973,659.577,11.739,56188788.0
United Kingdom,1974,617.184,10.977,56224550.0
United Kingdom,1975,603.247,10.73,56220138.0
United Kingdom,1976,598.526,10.65,56201144.0
United Kingdom,1977,604.362,10.758,56175831.0
United Kingdom,1978,604.714,10.765,56175552.0
United Kingdom,1979,644.513,11.464,56218759.0
United Kingdom,1980,579.035,10.288,56282102.0
United Kingdom,1981,560.555,9.956,56304591.0
United Kingdom,1982,548.24,9.739,56292761.0
United Kingdom,1983,545.485,9.683,56332059.0
United Kingdom,1984,529.108,9.373,56451312.0
United Kingdom,1985,559.627,9.886,56606416.0
United Kingdom,1986,568.554,10.018,56751925.0
United Kingdom,1987,571.668,10.049,56886020.0
United Kingdom,1988,570.294,10.0,57026540.0
United Kingdom,1989,581.576,10.171,57182137.0
United Kingdom,1990,601.945,10.493,57367867.0
United Kingdom,1991,609.413,10.588,57555199.0
United Kingdom,1992,593.846,10.289,57719272.0
United Kingdom,1993,579.613,10.017,57861036.0
United Kingdom,1994,574.017,9.896,58003200.0
United Kingdom,1995,566.159,9.735,58154632.0
United Kingdom,1996,586.761,10.065,58298563.0
United Kingdom,1997,562.708,9.628,58447090.0
United Kingdom,1998,568.544,9.698,58626822.0
United Kingdom,1999,561.65,9.546,58838660.0
United Kingdom,2000,569.034,9.635,59057336.0
United Kingdom,2001,577.971,9.749,59288095.0
United Kingdom,2002,560.273,9.41,59540763.0
United Kingdom,2003,571.619,9.556,59820385.0
United Kingdom,2004,573.43,9.53,60169964.0
United Kingdom,2005,570.338,9.412,60596108.0
United Kingdom,2006,567.846,9.301,61051093.0
United Kingdom,2007,559.566,9.093,61535860.0
United Kingdom,2008,544.932,8.785,62027303.0
United Kingdom,2009,494.108,7.905,62506221.0
United Kingdom,2010,511.905,8.125,63006484.0
United Kingdom,2011,469.713,7.396,63509285.0
United Kingdom,2012,487.477,7.622,63960487.0
United Kingdom,2013,477.611,7.418,64389386.0
United Kingdom,2014,438.807,6.765,64865914.0
United Kingdom,2015,422.461,6.461,65382107.0
United Kingdom,2016,399.43,6.062,65893359.0
United Kingdom,2017,387.367,5.838,66354474.0
United Kingdom,2018,379.73,5.689,66752473.0
United Kingdom,2019,364.753,5.435,67110958.0
United Kingdom,2020,326.263,4.844,67351860.0
United Kingdom,2021,344.51,5.091,67668789.0
United Kingdom,2022,313.835,4.603,68179315.0
United Kingdom,2023,305.146,4.443,68682965.0
United States,1900,662.738,8.857,74829905.0
United States,1901,721.528,9.463,76245912.0
United States,1902,764.496,9.839,77698268.0
United States,1903,894.407,11.295,79187838.0
United States,1904,882.058,10.929,80705948.0
United States,1905,986.482,11.993,82253148.0
United States,1906,1035.471,12.352,83829992.0
United States,1907,1203.861,14.091,85437050.0
United States,1908,1052.813,12.091,87074899.0
United States,1909,1165.706,13.15,88647362.0
United States,1910,1271.582,14.105,90151889.0
United States,1911,1258.667,13.743,91585865.0
United States,1912,1343.566,14.455,92946603.0
United States,1913,1442.542,15.309,94231351.0
United States,1914,1317.98,13.796,95533839.0
United States,1915,1367.697,14.121,96854312.0
United States,1916,1518.981,15.469,98193018.0
United States,1917,1670.971,16.785,99550208.0
United States,1918,1747.718,17.309,100970120.0
United States,1919,1479.159,14.442,102419259.0
United States,1920,1738.246,16.73,103898175.0
United States,1921,1423.669,13.506,105407425.0
United States,1922,1435.758,13.425,106947578.0
United States,1923,1896.736,17.478,108519213.0
United States,1924,1698.32,15.423,110113945.0
United States,1925,1758.185,15.736,111732111.0
United States,1926,1906.048,16.812,113374057.0
United States,1927,1862.839,16.193,115040131.0
United States,1928,1830.965,15.685,116730690.0
United States,1929,1963.506,16.603,118261782.0
United States,1930,1744.916,14.586,119629770.0
United States,1931,1484.959,12.29,120830953.0
United States,1932,1257.814,10.322,121861566.0
United States,1933,1348.877,10.992,122717780.0
United States,1934,1436.239,11.622,123580010.0
United States,1935,1492.321,11.991,124448298.0
United States,1936,1713.412,13.672,125322686.0
United States,1937,1792.61,14.204,126203219.0
United States,1938,1515.75,11.927,127089938.0
United States,1939,1670.92,13.038,128160070.0
United States,1940,1874.985,14.488,129417367.0
United States,1941,2043.585,15.616,130865641.0
United States,1942,2198.265,16.59,132508765.0
United States,1943,2272.059,16.911,134350677.0
United States,1944,2444.904,17.948,136218191.0
United States,1945,2359.552,17.084,138111665.0
United States,1946,2257.494,16.121,140031458.0
United States,1947,2485.854,17.509,141977937.0
United States,1948,2582.559,17.94,143951473.0
United States,1949,2164.862,14.823,146051521.0
United States,1950,2541.485,16.481,154202683.0
United States,1951,2618.711,16.735,156481322.0
United States,1952,2551.219,16.066,158794225.0
United States,1953,2612.971,16.213,161168319.0
United States,1954,2489.462,15.213,163636304.0
United States,1955,2728.512,16.417,166200030.0
United States,1956,2859.995,16.941,168824963.0
United States,1957,2835.772,16.535,171499235.0
United States,1958,2747.108,15.768,174215305.0
United States,1959,2831.923,15.986,177145772.0
United States,1960,2897.315,16.072,180274554.0
United States,1961,2886.873,15.733,183489491.0
United States,1962,2993.902,16.034,186724277.0
United States,1963,3126.488,16.47,189825228.0
United States,1964,3264.313,16.929,192819456.0
United States,1965,3399.547,17.375,195653775.0
United States,1966,3571.421,18.013,198265397.0
United States,1967,3705.461,18.463,200699913.0
United States,1968,3840.919,18.92,203011021.0
United States,1969,4035.145,19.655,205300032.0
United States,1970,4339.686,20.884,207796339.0
United States,1971,4365.465,20.746,210426424.0
United States,1972,4573.015,21.485,212842574.0
United States,1973,4785.434,22.257,215006548.0
United States,1974,4621.419,21.289,217076474.0
United States,1975,4478.563,20.438,219129300.0
United States,1976,4748.111,21.468,221168756.0
United States,1977,4889.953,21.903,223259417.0
United States,1978,4941.708,21.925,225396098.0
United States,1979,5008.956,22.01,227575083.0
United States,1980,4808.877,20.921,229858654.0
United States,1981,4686.743,20.184,232201613.0
United States,1982,4447.602,18.96,234583158.0
United States,1983,4429.711,18.692,236986362.0
United States,1984,4662.488,19.479,239353968.0
United States,1985,4652.938,19.252,241690439.0
United States,1986,4663.711,19.117,243953810.0
United States,1987,4826.013,19.605,246161292.0
United States,1988,5050.858,20.334,248393235.0
United States,1989,5132.543,20.475,250675047.0
United States,1990,5120.957,20.211,253373385.0
United States,1991,5062.957,19.741,256471425.0
United States,1992,5174.228,19.931,259606020.0
United States,1993,5272.851,20.077,262633235.0
United States,1994,5364.279,20.206,265474811.0
United States,1995,5425.259,20.228,268205794.0
United States,1996,5612.983,20.723,270860696.0
United States,1997,5688.142,20.8,273468014.0
United States,1998,5733.281,20.764,276119323.0
United States,1999,5803.918,20.819,278785482.0
United States,2000,6010.136,21.352,281484127.0
United States,2001,5907.74,20.781,284279629.0
United States,2002,5946.308,20.713,287084336.0
United States,2003,6010.146,20.731,289908091.0
United States,2004,6112.655,20.878,292786247.0
United States,2005,6132.183,20.737,295716665.0
United States,2006,6052.686,20.261,298730210.0
United States,2007,6130.123,20.309,301844227.0
United States,2008,5915.119,19.396,304970328.0
United States,2009,5480.726,17.793,308023451.0
United States,2010,5679.715,18.259,311062786.0
United States,2011,5546.116,17.657,314105078.0
United States,2012,5344.086,16.852,317115348.0
United States,2013,5480.157,17.12,320110753.0
United States,2014,5528.681,17.111,323115378.0
United States,2015,5376.473,16.486,326126498.0
United States,2016,5252.932,15.958,329179421.0
United States,2017,5212.162,15.69,332204656.0
United States,2018,5377.797,16.05,335056495.0
United States,2019,5262.145,15.578,337790068.0
United States,2020,4714.628,13.89,339436157.0
United States,2021,5032.213,14.794,340161441.0
United States,2022,5078.871,14.871,341534041.0
United States,2023,4911.391,14.299,343477332.0
